{"L2W": [[-3.1444511054095248, -2.364041811811117, 1.8545887156972902, -4.004107785062039, -3.0315293276042037, -1.4538566937540784, -1.8005177687510925, 0.3065139610876991, 3.5783005973604056, 3.7929213820687235, -0.8505142572717582, -1.175344631575673, -3.190695051720566, 2.411972699817332, 1.9182047392017578, -1.7733740011099464, -0.7284998685160867, 2.8698238217567935, 3.00897545390843, -4.060836545382131]], "b1": [[3.675881509135287], [-5.53536880963796], [2.5374112178228567], [-5.765662965772824], [-1.0331791697109893], [-0.7091448092005684], [-0.28588164322804455], [0.3968533833132486], [1.4326805916636518], [1.047045432746218], [-4.090033417404576], [0.6277703438754236], [4.702322237166199], [1.549639675163667], [-2.0532965700104433], [-1.4695508622257112], [-0.5073841331596025], [-0.6098522896177228], [-0.39533607901115253], [0.23048513230610532]], "L1W": [[0.23300419115037585, 0.1707719731833114, -0.005684529354364992, -0.07638883626353521, 0.5570449083409512, -0.1246716262203454, 0.330814210278687, 0.36873571202215655, -0.2999902954204677, 0.12691153483474393, -0.3848759186302461, 0.09870784610766926, -0.39668843043950447, -0.1070101859210115, 0.15821907225254958, 0.18569071383493524, 0.46751410829794277, -0.18566736745055507, 0.19032287731546274, -0.0018617521970306777], [0.17538430651573705, 1.0972167746255685, -0.8950633508912025, 1.9591773894321955, 3.160058423821079, -1.4071726420262582, 0.35617288352640974, -1.6486987888076285, 0.08413931389495227, 1.3882822025606225, -1.9436054755529961, -2.2892354990020953, 0.48862023653941267, -2.1854157640497904, 3.132019153242131, 1.4581203994513392, 0.8425614193229045, -1.2872208269812544, -2.238933004721491, 1.1061921443948006], [1.9155457646765142, 0.4643389675971905, -0.3170731573415711, 0.5282601175739781, 0.40844273934924663, -0.27981340699417034, 1.0770342997867945, -0.6185066357182168, 0.9392922404261355, 0.6830575956329394, 0.3217016554853503, -0.28534132865342143, 0.0749424048224221, -0.5397032354819653, 0.5739545419992964, 1.3128453422773947, 0.19244078655269778, -0.30056833818264167, 0.09519214019681314, 0.22854746769532353], [0.4866643873237576, -0.9428193477233736, -2.448104339794486, -0.5416729279719542, -0.17427927096077758, -5.352517785758071, -0.37300108706361734, 0.6972182468185214, -1.011449147659939, 0.11502962791252207, -0.5264850978471963, -0.5830368326070994, -0.23976539305714262, -0.5238637481732736, 1.030085180347461, 0.5958386340219198, 0.7065103537996449, 0.45220955116988054, 0.731109386224771, -0.7422071177888546], [-0.0012190566115653256, 0.016778940380727136, 0.7980140483701813, 1.4394325644152324, 2.9767766228750756, 0.03749697302049833, 0.11690851614970531, -0.1606003115246878, 1.3335488468435186, -1.4447984874748652, 1.4985693424959787, -1.4416212463962024, -0.08158625263209007, 0.07401260429198953, -0.27633491517425707, 1.089690960120064, -0.8359683317624249, -0.1056059482879117, 0.023546445381929564, -0.2515421770104654], [-0.42108760097909836, 1.2311425603531458, -1.6467017269383972, 1.9036494030076239, 3.046443758897308, -1.61002855563624, -1.3607649645001383, -1.3120617173290392, 0.4731845654611604, 0.7404546423162163, -2.9314218746514924, -0.8222559167594444, 1.4793797963918767, -2.133336403210974, 3.8928518065589297, 0.6090245078278793, 0.13102151214835908, -0.5178825472092133, -1.3067970424085977, 0.12014286330051374], [0.24981251653053538, 0.7776297375357675, -0.2879819226032036, 0.2862625606565476, 0.6839948764474171, -0.5176436912381668, -0.10413272831121641, -0.7248205220375018, 2.2920723546429675, -0.5491545057562419, 0.4728235763540838, 1.0595016952440766, -0.39425550079671623, -0.8467352386596891, -0.1977180637529166, 0.07796000159934036, -0.14452793932366445, 0.11742316362278821, 0.3375292953344351, -0.46161691057484144], [-0.6580696878907545, 0.004099731127469572, 1.970669243687687, -0.4948228221818398, 0.6254415619973008, 1.0631121524692377, -2.1404153261650487, -1.2539267058885908, -0.7449481376622703, 0.12495130711373086, 0.16384084816946953, 2.062602216176404, 0.8769066245440644, 2.0146488020795847, -0.6485789723948265, 2.5432147555291715, 0.5588250263417333, -2.3127753838685345, 1.9155097833396941, 0.4826567561903544], [0.07595734024832913, 0.3307056548976895, -0.10906691104135152, -0.44280918121743346, 0.14171079178136584, -0.24716607873520968, 0.07172904770654488, 0.25469594843801596, -0.7451582944967492, -0.5506006398276916, 0.13739097728545005, -0.7041843153129748, -0.03816590377756453, 0.8169260416662623, -0.20092163366237087, 0.004586157020035885, 0.06496413058431943, -0.45449520024092394, 0.12063792120610872, 0.3280652803764171], [-0.12148331341892468, 1.1665755508968272, -1.0943143365508452, 1.9821207710114153, 2.415800012009262, -1.505947154231085, -0.17580650727830177, -1.5057434583589844, -0.08132594195424803, 1.0698837726572457, -2.1117856863994042, -0.9572998171185071, 0.7069755737829532, -2.0174304224509747, 3.3771729276266087, 0.932786235715191, 0.5062068377582458, -0.9944161951069319, -1.6271000644573994, 0.6894730393761688], [-0.18129606422229394, 0.5038449603481675, -0.6469515574219127, 0.53313149167327, -1.3361813708075871, -0.27512731326953405, 1.030885899459655, -0.39290799066197213, 0.4032030541784636, 0.19775157835309462, 0.030624059628381627, -0.9777986266008726, 0.36532584797585477, -0.13334723449496516, 0.43154468408824326, 0.643547495716277, 0.041323076889493646, -0.15273508717528134, 0.22200145664583007, 0.6463702712246131], [0.8257580924967737, -1.1663903715494124, -0.09237752673979631, -0.570791101716251, 0.09569404766202616, 0.04597156346745584, 0.19495596353627298, 0.33922785208349493, -1.074529228217194, -0.19788012420832307, -0.01575242865045513, -2.1083261131493534, 0.6076971715963869, 1.177437953144853, 0.09046467969524083, 1.3777068726859498, 0.39897079560384735, -0.1453055461538933, -0.5453892923684595, 0.17453842208082807], [0.7831268498836144, 0.029592074504363977, 0.04119111577996906, 1.0474624080507071, -0.5025429853813259, -0.15319789678665416, 1.3680378683572658, 0.3082951087946434, 0.020331695482864013, -0.3567724148686287, -0.3022236557534697, -0.5677316345891832, -0.31466211861228105, 0.23228272520052093, 0.5375706023355964, 0.33406978280594435, 0.0951052814101572, 0.4864366861453557, -0.06411046481602005, -0.49301929302737046], [0.5701201050977683, 0.25022599295974457, -0.11951512179682254, 1.0524444782180364, 0.4811141328002789, -0.6063180597007995, 0.3734178043427653, 0.41356402225684535, -0.28702460520732476, 0.042004022596615925, -0.3651691684439136, -0.33365254238599146, -0.1336507229421105, -0.6196462649941792, 0.2589746064363279, 0.23159991452927273, 0.1268957633751059, -0.12321682111139853, 0.2794982400190885, -0.14295791303035926], [1.7627989167254932, -0.08314622418229865, 1.0629938140484887, -0.41867117200755777, -1.1328556325277455, 0.8369861052902433, 0.6711934258983336, -0.35943399555061584, 1.1634929015643265, 0.8741178170152092, -0.6546392797340909, 0.9436035322860128, -0.43168682923391366, -2.0929528659902363, 1.0358127189860062, -0.8610309666538053, 0.22249921863604957, 0.33513811435408863, 0.061269480199571014, -0.4740029223707079], [1.582972380294265, -0.04069039949618144, 1.136416602290549, -0.24892724677942257, -0.5520066889609225, 0.7165587573881242, 0.6336224402671236, -0.44485011761580084, 1.3907145817725781, 1.2630701929446226, -0.6056859631460646, 1.0002011526910226, -0.4960404419693699, -2.101131920253373, 1.0024025169632136, -0.6232954442324369, 0.2536694055866239, 0.4035167138820338, -0.08750224096071157, -0.456809778854923], [1.6284275071691363, 1.49439277211206, 0.38616154256593427, -0.7824883259222296, 0.08194753385570347, 0.7036912196821838, -2.572277257681794, -0.40839820197502313, 1.166358202311412, 0.7431834992334153, -0.004513054358000289, 1.5462305820089357, -0.16185189129626656, -1.7506428101008686, 0.30149905049582154, -0.2479652015874931, -0.35384392030673434, 1.0232401022488722, 0.04264613780545359, -0.6985580265818793], [0.07549359709300288, 