{"L2W": [[0.5733314835210525, 0.6080926232234327, 0.4454464772608502, -1.0285416544918309, -0.2105087376708296, -0.7695369843071237, -0.3766801410449965, -0.6793468641552579, 0.6231663546507846, 0.6841928458100872, -0.41276227802650123, -0.40659430033628896, 0.36888028791258465, -0.870266517688454, -0.3152159404396248, 0.8473301291552766, -0.943527977768898, -0.1594190018492506, 0.09893889714886639, 0.3831726500156834]], "b1": [[-0.9413778938515697], [3.573048118169822], [-3.8518459641780787], [-1.2886761153096367], [3.739155856791216], [-1.1036628522402891], [1.774427845045598], [-4.148225308142841], [-3.5972755483013943], [-0.6537345491608767], [0.29293623941565883], [-0.08683334117879983], [-1.4808355070560482], [-0.10520812198536632], [-2.2909021050511633], [-2.179282263589011], [-3.36645523741562], [-3.7911311722931886], [-1.6225097064519567], [4.139504918034643]], "L1W": [[1.7344798583502885, 0.3749307082673575, -1.0068977246685438, -0.2535713824555371, -0.02704262270117583, -0.029849782410978534, -1.561214551309428, -0.3786664402866754, 1.1321962795697007, 0.1499229897518547, -0.3002117092676659, -0.9247730316540399, -0.927460000286796, -0.47731124350374377, 1.9333595066146025, 1.7592578622233066, -1.0268260434794187, -0.050646564478216784, 0.28038961503373805, 0.6761163715862192], [-0.3542932082891582, 0.47734289756313864, 1.3955579756281828, 1.1102225504055796, 0.5826040954642441, 0.453473841304302, 0.21204980425033976, 0.32207050796531955, 0.5457240582859296, -0.3994956088698091, -0.9375094581696145, -0.5846649421331769, 0.1500405023440293, -0.6467085713111177, 0.37075856516385036, -1.0150065425231387, -0.5491735561968503, -0.6249843951236403, -1.2033689854399685, 0.03150785098779278], [-2.503949319381256, 0.017394276068846283, 0.9479556863570505, 1.649819270994982, 0.6095439516192329, 0.7111442772334389, -0.7703142243136691, 3.4486843877709132, -1.2499902966012904, 1.4420873529393792, -2.5940604741648974, -2.0755002577301784, -1.1841373663192396, -0.5237455992026814, 3.4624743165809284, 0.08064401995206635, 1.5773793175043296, -1.5255590517241375, -0.17966559024830508, 0.3845657445445266], [-0.7081653489049796, 1.5055379777769164, -0.1073551544323047, 1.3543691776316111, -0.3863708332729545, -0.180782274686976, 0.35590071619817454, -0.6534232786898813, -3.0777872498945245, 0.8152192655099421, -1.3007749733312541, 0.2371810800838081, -0.7465755268285115, 0.20205295333128626, 0.3607772619357341, -0.4783539061543623, 0.25237195160785075, -0.6745790811387742, 0.2226867798656868, 0.08706587337563165], [1.4733814307177617, 0.7387072068804511, 0.033913350732962276, -0.7286205349576473, 0.259206889504508, 0.295843218876187, -0.02012086273788509, -0.49407891321905456, -0.9670617135059273, -1.1304925122085938, -1.7489149100916341, -0.9336957617357504, -0.04148169959097418, 0.6964017563846799, -0.2653026440494991, -0.07906836860412855, -0.7136198076572247, 0.16354867109900678, 0.8760991646659928, 1.9621646096103735], [0.6629533142542787, 0.18641331342178993, -0.8863132342090049, 0.09066401415406568, -0.3174591417188667, -0.15819775561658045, -0.47261809836649865, 2.1404085529772923, 0.9386373760269899, 0.20335697503296268, -0.2592397068056185, 0.7092382457686651, -0.18500327756074503, 0.527688392869331, 0.5621290134350618, -0.9253106371736962, -0.40564235829207024, 1.025597855528566, 0.18896691355229345, 0.030326150684964547], [-0.04882711166412253, 0.2841572151482033, -0.1212755531605414, -1.991157806729218, 0.14522368332700106, 1.5461399721003495, -0.07456430968992286, 0.5215327103661305, -1.3594589598064564, -0.8760126666483736, 0.8207967061263508, -0.16769859611059454, 0.5991403978683515, 0.37462315305247723, -0.46229911737922547, 0.557881671231358, -0.9877533662749789, -0.1987000952320126, -0.6960485973066679, 0.008040342950894166], [-0.980228635561277, 0.015233311176357423, 0.47353139358119084, -3.409297985554691, 0.35586220529892265, 0.6000838952384181, -1.1390744810908744, -0.23961483397589525, 3.646733074140418, -0.3499774184799305, -0.6930339341469925, -0.06227797617153367, -2.666117414967518, -1.8926711336528577, 1.568585682192874, 3.270988106360467, -0.6464454852923215, -1.5581945298360653, 0.9137340896940673, -3.868705738369061], [-0.5644292966001108, 0.7356138590563722, 1.145595098854054, -1.5243241465930715, 1.3829163572235403, 0.3234367662373994, 0.34162895455841324, -0.15813235015462254, -2.111657106866654, -0.29845913662131873, 0.5661664283792253, 0.4527017869862996, 0.566162343969182, 0.9073882456580057, -2.408585349990131, -2.007359656213554, 1.3670133102454025, 0.7093687668484739, 1.2962277887211193, -2.6771562364937833], [-0.3735719693723018, 0.10399183400478586, 1.3722421694489955, -0.08560851248848535, 0.13845428233453155, 0.06096026918256988, -0.1387919045833093, -1.032230790268646, 1.7158756920969023, 1.3516208400379661, -1.104874744836634, -1.757696406917417, -0.44817028688650035, -1.9237089755249113, 0.8526464698139617, 0.6567619013619478, 1.517913065741875, -0.7245262725187263, 0.46323514019634787, 0.9194955872315476], [-0.9281157016579514, 1.0061081620230956, 0.9769103521106922, -0.12032049300975384, -0.49479354395867176, 1.880697082285545, 2.8996914623052494, -1.525242096746551, -2.2606437317769457, 0.10431779665334875, 1.2265323118995826, -0.03536261798579337, -1.2142997139407976, 0.8748267251714245, -1.3045315443283945, -0.4748226728005412, -0.24034061438738313, -0.5163013892902123, 0.37654757515161313, 1.2296966214290848], [0.21833135101260848, -0.3814296964909687, 0.25984696835647975, 0.012836959317692952, -1.9732470184809443, -0.0166523597557555, 0.17271256562814885, -1.1057116015674928, -1.5082292649627649, -0.6543178317883911, -0.3394550540984281, -1.3244195312794471, 0.1205648205690909, 0.6773110758566507, -0.8769849528837157, 0.1347060448386627, -0.29398891032386626, -1.148422822602634, -0.7501795156029384, 1.9648663836427958], [1.7229966431579045, 0.8993956313878269, 2.986608324073434, -0.20724322894072159, -1.216152375004007, 0.8738127202682621, 1.0861304979335171, -2.947604751122215, -2.0901026394048268, -1.3063130327574408, 0.037522350510456486, 0.5733154134442725, 1.406874801370137, 0.7751827122848554, -0.6528662060592436, -1.2570179122302672, 0.17317304818826124, 0.8070815258749682, -1.4641039905411246, 0.04095295023466815], [0.11104144138060677, 0.4431384277580407, 1.2268449938853576, -0.45716007532820674, -0.0748605186467847, -0.37133735032833454, -0.6155521690903555, -0.9508830265267991, 0.9987649085236401, -0.6647854382342953, 0.180556523978858, -1.4319099451525708, 0.5494145467675674, -0.5120114175522126, 0.28026877298312575, -0.0192347172954394, 0.4932565567873126, 0.19430851429602009, 0.13129867993015842, -0.7787824461469806], [-1.982559159375734, -0.0939520498425883, 0.41403535292130944, 1.3809903919944515, -0.4210150787430179, 0.2464014088004751, 0.6337114829784323, 0.13132982018230271, -0.7728170535550288, -0.2832546341115849, 0.37703663090344525, 0.6890027044004051, 0.14278656053821692, 1.0381070312531386, -0.5725434314262376, 0.8898384756182394, 0.253234517061458, -2.0870252394871565, -0.11408397356871092, -0.6576882295550944], [-0.9351513097500842, -1.008726407130966, 0.37315274490379446, 0.8918927520915249, 0.2695005021818392, 0.3894819113371718, -0.49152848394244536, -0.6328507574906636, -0.32648789209981555, -1.07903459536598, -0.35295874372870023, 0.8731130110948365, -0.5644763757081385, 0.6765160372494483, -0.6428859483279138, 0.09840936016981272, 1.2077825406253566, -0.7081056043643165, 0.10116144959018027, -0.3334267349434653], [-0.12492642483179882, -0.6066761079916746, 0.4567421978361845, -0.20692537307206402, -0.022749960058183902, 0.18177646717431062, -0.03173382729115239, -0.03970302698214545, 0.0522225692577173, 0.7720490835553524, 0.6154983583840267, 0.9726945951151045, 0.06839120819344688, -0.8810020144945504, -0.6499186722204928, -0.23288998654006696, 0.1358946220235058, 0.6587095763673467, -0.6657909743510045, 0.49479049739414893], [0.49106617140452796, 0.8769160986041226, 