{"L2W": [[-0.9935772272521644, -1.5263976451440076, -0.7597708625258442, -1.849666637937356, 3.203259002921424, -3.016805107106978, 5.269403110686473, -2.1405004754096955, -0.8825958674361206, -1.1692568479264014, -2.4211889779761684, 1.707572652854957, 1.8335717779959302, 2.118981297061352, 2.5408382010786035, -0.7212347968499552, -0.9324627385318651, -1.5112725015293147, 2.62960220944095, -2.2023584342662637]], "b1": [[-3.0986686457469883], [-4.492881578117707], [-1.61092209074307], [2.0848025778456543], [0.9299850123558545], [-2.0175514144594864], [1.0545680632367527], [-5.829537735810182], [-0.7635065430410546], [0.5178235889673957], [1.011021724372726], [1.0087110965371182], [-0.2975411357991646], [0.029382553992711495], [2.480826846133971], [-1.9581346417489505], [1.0559302919090618], [2.340158337762426], [0.6570043444745528], [-0.37735881933178833]], "L1W": [[-0.005510468023221563, -0.18678165856099202, 0.0952884137537687, -1.0403919288888688, -0.7901089281866791, -0.21988707592202686, -0.6373828205125321, 0.2788727838482552, 0.18936021952346313, 1.1088340657717224, 0.19846558424387692, -0.22027255047843636, 0.6526463934052046, 0.550496831905256, 0.35873464892497364, -0.7638991792376209, -1.190053513262026, -1.1991704836258748, 1.7522174260112684, -0.2837955800233971], [0.017952219134052372, 0.43921322108184907, 0.18973096069723555, 0.4590870907785385, 0.44095171679400685, -0.5130839100808575, -0.586082628318756, -0.530318879083019, 0.03273255388393251, 0.06561602790606433, -0.18297736701323808, 0.7468406731579649, 0.20916966846491591, -0.17368204642338383, -0.06186699736638781, -0.014428392828271632, -0.12523732935463106, 0.8771714202883268, -0.5549758918104075, 0.5028588893924965], [0.36267189115835485, -0.5536491292934059, -0.2292907919491199, -0.7873791874299857, -0.30481341117976263, 0.5469924018779155, 0.4058948388896717, 1.4544016360197325, 0.025877850056060175, -0.01394882714395008, 0.4564488655338327, -1.0796162445702089, -0.03820388838182703, 0.03340057411113752, 1.8716186667911094, -0.30333509455558594, 0.4740671492334312, -0.7388193991941688, 0.31576360572523526, -0.34151475459633096], [-0.06109159165514049, -0.32792933462901797, 1.0786547483528874, 0.3318689966823193, 0.4752195690561021, -0.36216999763229085, -0.3965802804846825, 0.29819198559996135, -0.021770270698509273, 0.9318603094066544, -0.02920322569086813, -0.15632855231746223, 0.3832378127333635, 0.3437144526058176, -0.01638078919284634, -0.032736754403154836, -1.198944273605188, -0.17078192314136476, -0.37110083564021934, 0.12604958168473873], [-0.025769713804744233, 0.07788225970677726, -0.24709923393605077, 0.03316463740194543, 0.05160095584418824, -0.18050346833829098, -0.19205486610114908, -0.46542439381017076, 0.06331759459350629, -0.34581182742351485, -0.025934137887772647, 0.06535015522910721, 0.12989870285833244, 0.04473708687786788, 0.01311258856466625, -0.06598723437093038, -0.08052852000007779, 0.4379210239928268, -0.07859242641112794, 0.21332741614084608], [-0.027584899444005922, 1.7910652515075676, -1.7653268228500456, 1.6372696402139544, 0.2907310087315086, 1.8607708586489708, -1.2183828905176328, -1.104277103528646, 0.2965822419985816, -0.5174931137857287, 0.7226649143348883, 1.6482536613589094, 0.5665492241675677, -0.8201196830389846, -1.6104272491692393, 0.5933909754543659, 0.6287669994434198, 1.1045626893250469, -0.4554156289172113, 1.2556164619347847], [3.480858519568778, 0.07681236546917772, -1.1536714024021393, 1.2343421421195981, 0.3854972512880725, 2.515110450428445, -1.7135612665071773, 0.7048137507810581, 2.0949106135969973, -1.419041500728338, -1.7434263712285833, -2.2155082732065234, -0.02769933993870983, 1.3045850033240418, -1.7976893184372074, -0.15855819823994177, -1.0569087508757646, 0.450537565095321, -0.24454286759376825, -0.7360826423633046], [-0.5624207758526768, -0.9889810394952444, -4.019535461251658, 1.1617501118343818, -1.2282364190147865, 1.7185564279547767, -1.3028785427924676, -2.5959721458446476, 0.9797010318363363, 1.358780828359842, 1.2455736869102871, -3.479878772553525, -0.6091108186447358, -0.3512410781110653, -1.9382448974186997, 0.05885850180001358, -0.7493338562134146, -1.3242838212141348, 0.6837062129014524, 0.6580332499481567], [-0.2648325573394385, -0.15819140234816684, 0.025103291240751474, -0.49054283947976446, -0.30775683202299525, -0.8533003736142045, -0.4190562346877606, -0.6064530638262505, 0.4936249255982691, 0.7464852321289448, 0.23111222689834193, 0.11670163844461516, -0.11719164327866348, 0.39985503996801136, 0.45409798464772616, 0.4113734787275245, 0.2507156575076104, -0.501238992290851, 0.5978780292517581, -0.7323922698643307], [-0.23709038337375057, 0.1956226201727514, -1.7064769155603268, -0.7372008886403632, -0.13000885794472375, 0.8536257635184972, 0.11907094469397313, -0.10701333617887492, 0.037413269235564345, -0.9596133647523015, 0.019766681686131316, -0.16998964091610166, 0.5351142463463733, -0.008635103917029902, -0.3400389258924418, -0.10205661683518094, 0.3850673152993444, 0.8531130427812976, 0.506057928409454, -0.5590158979727943], [0.05922875492890254, -1.9571944038902451, 1.8849861738984144, -1.8357717194172336, -0.5405792267437218, -2.088190091729367, 1.3482948443424545, 1.4146910102272154, -0.3295529313125299, 0.44606432960895215, -0.8445900518422802, -1.6229204025860358, -0.5323893750523035, 0.7978302263115314, 2.0382591142376016, -0.6001449789816403, -0.4886401842467811, -1.150650062284652, 0.8703860923151631, -1.4059549740773507], [-0.470756013013717, -0.17074128360627958, -1.4872703598142851, 0.6622308063037112, 0.09082001449978667, 0.15558071212713465, -1.1090436700188453, -0.8098045107339144, 0.4833187176745513, 0.24819355568497087, 0.5051318730613356, 0.2578324337886746, -0.047847471752229254, 0.3946850125213781, -0.6367163883799581, 0.7555291440447327, 0.7509637413443202, -0.6261608797540116, 0.04513208490333961, 0.05025032096635533], [0.6885146908140853, 0.16895750212882585, 1.6302006486473082, -0.8902619362875307, -0.22627642322068842, -0.3566772682670463, 1.0079264239413277, 0.8469835680971424, -0.15239814986183642, -0.2736017432695857, -0.5882947130586716, -0.2621628798942329, -0.07478944579818608, -0.34953086197977223, 0.6521415267760671, -0.6533037417934414, -0.7222732397990468, 0.49277719929353797, 0.04899606513756249, -0.3519993680477098], [-0.5270796355216039, -0.6839684809045511, -3.5497303076202464, 0.568321691536976, -0.19769129160607687, 1.0993479631875005, -1.1332491006159264, -2.2422601922890193, 0.9465656972454395, 0.9383881717767334, 0.8618472797077185, -3.6383923427686096, -0.95989728698161, -0.2759538617915322, -1.1230746265826943, 0.10207094454280782, 0.09423967066809413, -1.146802599625126, -0.9779827542215843, 0.7256440091662135], [-3.1461525693569437, -0.21883722592488636, 0.9301332640479046, -0.9704786331520492, -0.5531674793930053, -2.4921684538936, 1.4816678583852638, -0.9424407171039143, -2.112387225940903, 1.0324484129894487, 1.7124425462769346, 2.1927614403484235, -0.05775280375562072, -1.251580399541835, 1.8520096977261526, -0.05177607640677853, 0.9095102644110387, -0.6103884881985417, 0.19917144787083588, 1.095192464083323], [0.8562341754402798, 0.032499643653129025, -0.5265717593668081, 0.6440328047706273, -1.240234292949166, -0.5141662558425522, 0.02455537212548868, -0.2791456069897606, -0.01626166423961035, -1.1131683496321685, -0.1755016431101278, 0.42834414703850887, -0.24497293588333124, -0.26349383869926757, 1.413548610431849, 0.7570929260735955, 0.48407811866347805, -0.8503586965501434, 1.1998895775367533, 1.2357775582442976], [1.0498564584152925, 0.2569096245397102, 2.1330705930891636, 0.2938893840841057, -0.5910621126490554, 0.6772624181919894, 0.49033690114298617, -0.8957877745297802, 0.01952483166237761, -3.219252242455738, 0.1548559391213239, -0.4676491476351367, -0.1981891964034493, -0.30713288066503014, -0.3102466463180752, 1.2962017660446925, -1.288345630935893, 0.0834669351375476, 0.05214719985242817, -1.7106183080747794], 