{"L2W": [[-0.31193405860242246, 0.8561080312709655, -0.34453773422776424, -0.21396024970750074, -0.35916188374803537, 1.2559042651868588, -0.4345992663701444, -0.4003963733933357, 0.2563527637247928, 0.2538986266925128, 0.1865422181949867, -0.22604421513646233, -0.6052045009756574, 0.3527787088318473, 0.23546372396726703, 0.41203898533716143, 0.3287676128720234, -0.407167520489761, -0.7765272579623198, -0.12242813107887975]], "b1": [[-5.289140965562325], [-2.037673778186462], [-2.0564552252045694], [-2.2999396902492033], [-0.668811581203163], [-1.608706413193236], [0.6251571288842334], [0.42367291831755227], [-4.118088257303762], [0.8374238074445252], [-0.47070642225629755], [-3.120780433662603], [1.325620543100149], [0.045414464342649466], [3.312363161133687], [-0.8553658504719235], [-1.829961864934803], [2.1935785685055738], [-2.375727450332505], [2.7440457900927337]], "L1W": [[-0.3749415825019755, -0.2655363505841015, 0.5083518599726845, -0.2423915933816669, -0.12445133146835788, 0.038652334918569564, -0.15916078955678112, -1.573215014458556, 0.4486387072507266, -0.2498032245832527, 0.6301964114971154, 0.26484551285414554, 0.2548832730600803, -1.4973921866080087, -0.0827069866801675, 0.5861819784310484, -0.45879812263708686, -0.5133437713669297, -0.730970564115021, 0.7509967676626459], [-0.6880498462777674, 0.27490169380025803, -0.37573916899915827, -0.05425780589077371, 0.36639119896120276, -0.6212834357064313, 0.28304994418438256, 0.9232719405524074, 0.852307562312722, 0.03530683052555048, 0.657508699112798, -0.2319849953590055, -0.9745441537227776, 1.6295177782769323, 0.8021633604626384, -1.0778199978810874, 0.6299485461385014, 0.26387721642715967, 0.8899106783494724, -0.21656334436427033], [-0.5758343923848118, 0.4863307495193598, 0.3234763133120996, 0.5203135962109897, 0.2035119175142416, -0.6267137471306911, 0.2981477591642073, 1.108117551935298, 0.1455567221220023, -0.21205476740158466, 0.7925888682648742, 0.2802449325795747, -0.1481480840416801, -0.10427587588222802, -0.2453007771009002, -0.0029749079515788627, -0.1388170058938017, -0.5006791433573035, 0.1775748799188503, -0.10970554502584785], [0.3842355068190265, 0.4466499556143263, 0.3478068026458563, 0.050973735905965975, 0.08620305818751413, -0.057689878018742834, -0.39167484651005824, -0.10403310499292755, 0.39472556107703144, -0.015122231507187887, -0.004348956076476371, -0.12743762106327194, -0.093175561982279, 0.37692870450939175, -0.29142078071561706, 0.11260527688824547, -0.33368949742476417, -0.29292556725592117, 0.21745306163291403, -0.4483143880892132], [-0.38257463288051125, -0.23892351700761508, 0.5249520881534552, 0.16345351058469565, 0.5481094663571742, -0.6233465476246207, 0.31207979482823067, -0.9524207019602127, 1.5047525459344657, 0.6743263185611632, -0.46793466184148896, 0.13005618744462574, -0.2831558965543581, 0.9205302735411593, -0.3917144558245995, -0.40071311571286145, 1.4929019195249118, -0.6662514633320737, -0.20284781450285955, -0.6515494157526315], [1.5926241694061865, 0.6316266044765887, -0.312150250205645, 0.2175121858453622, 1.1128590155428588, 0.08818836519636547, 0.47640574630838944, -1.3268954385698966, -0.7289359256678353, 0.353949862818184, -0.3134397756069705, -0.42193305935812814, -0.7158355799485547, 0.7141563669392713, 0.06427107450013488, 0.6766899689311003, 0.2377049943526434, 0.08953300101300603, 0.9693456791025132, -0.7782048215078481], [-0.7109869363609552, 1.1477925973438203, -0.6490180925732378, 0.6134061350400284, -0.6750891894008668, 0.18186715859740216, -0.6126742265867613, -0.7856688336929025, 0.12109420926407759, -0.07003502046146738, -0.06645525192986507, -0.2504508276587376, -0.14319100367011137, 0.15754410130006136, 0.4577127269692493, 0.14289931557766727, 0.141901958152807, 1.914879929277328, 0.8238788392102213, 0.17141965996860936], [-2.3458453863639845, -0.28519220755921687, 0.47402616242569257, -0.4735894985664103, 0.48910288680627545, 0.3384164760010278, 1.3228852217667848, -0.3446113187158372, -0.8179555505543755, 0.09793983063356428, -0.2762865794019471, -0.6263732014509793, -0.4605966153641419, 0.6795012378471248, 0.9523926525496144, -0.022688536485699524, -0.5467972515118508, -0.5199926747695414, -0.25187335368318736, -0.844879113336976], [-1.7348070715399828, 0.2218168616501096, 0.8078716671009312, 0.6105552988177773, 0.36078365939119145, 0.6792735261719521, 0.2548235180224031, -0.15605665274510386, -0.8180898429912697, 0.6102355266750272, 0.6794621797509053, -1.2304777672560638, -0.0979576648629399, -0.7419071330012512, 0.2006984776970337, -0.2750926586266245, 0.27808793122460745, 0.08695512063291945, -0.2623885798926233, -0.029462186104318003], [-1.0745481435294846, -0.10873636920545894, -0.29443107228952037, 0.6581124320028758, 0.43025269089821744, 1.1579459682386077, -0.3798120375196811, -0.10202049664448574, 0.1243215688248179, 0.13223029205876918, 0.9992040092911647, -0.17697902296275556, 0.772141908473749, -0.7320832186671794, -1.0488708631767452, -0.7140838114427623, -0.6302566919827227, 0.800943449626744, -0.31238473364301206, -0.44570057188606726], [0.07960730342361479, -0.10014480238843287, 0.8876492833385422, 1.253393879451858, -1.4691847807756098, -0.41726421258595126, 1.5739478610936266, -0.27427051974197947, 0.01791166224124921, 0.5849790940779174, -1.010408208349573, 0.9082799184614644, -0.4205999581591509, 1.3412404660527344, -1.37294152031617, 0.11808265585963534, 0.1373183688526428, -0.7980607537680364, -0.5021194387826209, 0.5078089349324915], [1.6787653201264308, 0.5919647380090742, -0.2976395428160581, 0.17379708423417586, 0.29858089047229636, -0.516003654306281, -0.10680950180189308, 0.6708740297740265, 1.0817630495093327, -0.4839796632037911, 0.05511990931076193, 0.6512441135044628, -0.45089185473484733, 1.2125685096286296, -0.24886550215529377, 0.3819393097332311, -0.5698964243191824, -0.0279603467765648, 0.7525109598219074, 0.7495739025820427], [1.5483631007378609, -0.5262369100514737, 0.7407403024607501, 0.984808525329801, -0.36253480131022736, 1.6586649435079388, -0.10747753347095536, 0.10561980033815381, -2.219260213165503, -0.7412532849782921, -0.4828504547991614, -0.27846747433190916, 0.47629581721465997, -0.3064546871769295, 0.3379554110093028, -0.5253770450542753, 0.6530810751868559, 0.2588912549139983, -0.8513675695390049, 0.4545799530450744], [-0.2690626099913667, 0.4195703548247941, -0.24920006306341297, 0.44871889728497333, -0.640021218594441, -0.5956035682874145, 0.1489217533982028, -0.08503867966571828, 0.4430661753641895, 0.1127412446016735, 0.21925050514644998, -0.5166674641543274, -0.1097398567147924, -0.5679210437325967, 0.026669140754017186, 0.2727870457673508, 0.3354587145140243, -1.0633383826357428, 0.6836869532720182, -0.5252431601848676], [-0.00878238013062978, -0.5984214817147956, 2.060814609235803, -0.8574835704535746, 1.1638623739705556, -0.8385850420951055, -1.5587676559038002, 2.9551292930879183, -1.325631288223084, -1.5773847488747377, 0.009804481845998188, -0.9003669886815708, -0.17631085534376617, 0.4412930453762439, 2.326096826708961, 0.01649806047014392, -0.6558513997225452, 1.7344617996963783, -0.4674550399686524, 0.4580162571687508], [-0.027022927941216864, 0.0013638170711174516, 0.2307561600217496, -0.3262697880539801, -1.1613694721499424, -0.06873414090368452, 0.8497173662673174, -0.0681898308074907, -0.2676822867873385, -0.16964473362691082, -0.3746205658178684, 0.38911299348496037, 0.03974331201922667, 0.9239524865994726, -0.7651252854742515, 1.2077383840842748, -0.47344016480286655, -0.2083325545099082, -0.08551122838892006, 1.2399920956247095], [0.2788957417025204, -0.531941668383108, -0.34980826503085183, 0.5564844036209484, 0.03674685275940072, -0.0023498195387020074, 0.4487029426168967, -0.43456397967276106, -1.1693862013624992, 0.35882882014992246, 0.5619280426617727, -0.4898156577909146, 0.3996631353577487, 0.29680796422884903, 0.3085954071719053, -0.7588205751770899, 0.1431174258230715, 0.3103603281574508, -0.7107276867306013, 0.031022281332156412],