{"L2W": [[1.2234261749825406, -1.0868447786505424, 2.3374618736360917, -1.0772616122194867, 0.9343280880761493, -6.734795924457358, 2.4937120821204113, -1.3334308278691303, 1.062462285445151, -0.22152715110802043, -0.4649950256216306, -0.16786706256918713, 3.5026858471735953, 4.959703707513755, -0.8529819895587138, 2.036594423265882, 0.43907514331815345, -5.945150563776853, 5.576277635238346, 1.3018461413078197]], "b1": [[-1.0209310536268756], [4.502999432631771], [1.2767564859763263], [-3.6298465387988132], [-5.749894212198251], [0.08621128592259639], [-5.209334151701296], [0.6558391750299968], [-0.2543215054348936], [-5.608947410024913], [-2.266606803513954], [1.4112096941845447], [-0.796181495631977], [-0.587095944948587], [1.45878560128065], [-1.908976918857906], [-0.7702805813299842], [-0.544138191514791], [1.0015265030775775], [6.160457803604701]], "L1W": [[-1.4450809674912704, 0.12806735254928653, -0.3699412585802664, 0.7299071890552704, -0.11255565385862254, -1.5912639332381302, 0.192336408679555, -1.3397449248008237, -0.23043863619735486, 0.3455005851147471, 0.5845541140382273, 0.6343919349719476, 0.4226362373662227, -2.1772823286500715, -0.2628064512858771, 0.15272522328238364, -0.7548485194799005, -0.27015806069016085, -0.5309750552474966, -1.136166772869871], [1.2261717871715159, 0.645559857088303, -0.16660923680662557, 0.25701145674744197, 0.4223242470295301, 0.40214146076975904, 0.7446332174750069, 0.8641437052755335, 0.08451294933611171, 0.24718648693883818, -0.9276727985197069, -0.5236713439465738, 0.21539625744874477, 0.7328816636285557, 0.3421076053133688, -0.38557179436004496, -0.3597043143859529, -0.2218329837500377, -1.4399291675746808, 0.9159684045557589], [-0.26846474022468997, 1.0584650514435965, -1.0643947980635378, 0.7428794911764013, -0.08573461460675222, 0.1953691906089147, -0.42484021437351716, -0.26908100034603716, -0.4919512494095533, 1.0032417143142542, -0.17817901577044182, 0.12011621072580979, 0.3015790768011169, 0.8417347213744742, 0.4741268199468387, 0.2555706140005759, -0.8141660713330399, -0.9138046199049998, -0.1517090518786614, 1.7117210401500846], [0.8934737618504492, -2.0585202099318125, 0.4623012270819016, -0.111428206204042, 0.7822451602622549, -1.4126245117236036, 0.41943635331849116, 0.8785011303095835, -0.13261976655580746, 0.49440004353759837, 0.741828534224526, 0.30145184850973106, 0.46105611681989395, -1.5644799277041799, 0.371217461873321, -0.23964660624768844, -0.6319197015840059, -1.1927236653029298, -0.018352014384234307, 0.52101299809556], [-0.6371853821135325, 0.3504174527946726, -2.2489338263776184, 1.5367874470830045, 1.863335667972842, -6.662636407457138, 3.5114029640393953, -2.228584805152433, 0.8448166583649221, -1.0944067901500303, -1.2340436544027926, 0.8885647117222055, -0.15351718748346715, -5.292554129474426, 0.7460385251934484, -0.1314772016689461, -0.6093487819360748, 2.7216099313820803, -0.524527691210234, -3.406083829253286], [0.3985831493609851, 0.8155812046697631, -0.19887553000640867, -0.08377517350812862, 0.04517977014419191, 0.12136566147564717, -0.18852559906278601, 0.5765706869139284, -0.38360284930936744, 0.04441047875606037, 0.3779100317718752, 0.25377870726948754, 0.04789319945356755, -0.10914902824350425, 0.27541077575487327, -0.1729464161455692, -0.2616622552259426, 0.3166560330198806, -0.3616022953690711, -0.0084186375574037], [-0.48576595748377566, 0.045845437479813206, 0.361220367320978, 0.5019318427212583, 0.9857951296407289, 0.03529222507603405, 0.23599777199323094, -0.6844057985289594, 0.2673626157218761, -0.5214973590622425, -0.16671182925154276, -0.0749559358502871, -0.10188245139578142, -0.7566239082641263, -0.3231125544071782, 0.7232132842363791, 0.03131746091958294, 0.8737916117278379, -0.40145311552967183, -0.4557373702102525], [1.482392375932039, 0.9547446622671351, 0.5644340576937964, 0.5186445492781665, 0.20470040539045986, -2.0175506698823304, 1.5219351437377682, 0.7507921901042535, 0.4829711393045558, -0.6234989075017134, 0.8032962476853407, -0.21725669441563875, -0.35991666623986573, -0.6152306010500554, -0.5253222910314834, -0.3168157465308992, -0.7313640787768829, 0.3362243347380269, 0.19584033668414796, -1.4747180516177825], [-0.07605874635102165, -0.40300659029686986, 0.8226114144697527, 0.13454371355034073, 0.20346075348256143, -0.14208654475004412, 0.49145115214983187, 0.2616154115513261, 0.4573847004653314, 0.051364635170513075, 1.2424964196200186, -0.08492181471717997, 0.19458451752260492, -1.175939761239889, 0.23544442616969807, -0.29152133212921216, 0.03382712768281118, 0.4145085322627737, -1.401887093710622, 0.26714813993291586], [-1.508482072005917, -1.07452215348413, -0.7706856169367774, -0.09881801864760947, -1.7713164368897667, 1.8064631276880503, -1.6816394535747767, -1.3185620348373768, 0.5995209179754819, -0.7289144198454565, -3.5038330240122697, -4.961662665292708, -0.8000958042720684, 1.4736691550445058, -0.33132098049998704, 0.8872060311971943, 1.3811176267947698, 1.0863287649724689, 0.4793659205770745, -1.7242785591529157], [1.9307803801999082, -0.9633219749715564, 0.5862307227404091, -0.10644186727751546, -1.1402156508561672, 1.5888503326902843, 0.594572225266648, 0.4347832433427326, -0.10791714419750437, -0.8856459092502389, 1.360624577153746, -0.894005668939469, -0.7013868603494476, 0.6102271700600758, -0.6703146617176093, 1.451729123604276, -1.6441857344064765, -1.86048400625173, 0.11781231190694202, -0.6127644398486707], [-0.029468165642840508, -0.9697444048469274, 3.3074965741126343, 0.09906667439149283, 1.276936278358267, -3.7865546378770523, 2.440909421466017, 1.7518626136151514, 1.2392947852590885, 1.6943722854837413, 0.5331896590932625, -0.10030823400098182, 0.05689504544745272, 0.058799219351713075, -0.3615576955979964, 1.8770203810925852, -0.23727551790191126, -1.7361461922338073, 2.5364566092018124, 1.2041954039506826], [0.6403284768933103, -0.9137758121495407, 1.0008438752868012, -0.4887712301559073, -0.093919852520141, -0.374651933258484, 0.506864914580873, 0.3250183580318432, 0.3842359308228201, -0.6994268849164487, 0.2568316783796651, -0.016337636222827835, -0.19094502090331092, 0.11505845810763748, -0.37384855940706263, -0.36570880263599187, 0.5013199772555507, 0.954430274325355, 0.7519034259022446, -1.3433437337926946], [-0.16685515684395535, 1.2017750907362652, -0.29599760001156056, -0.16327794354020625, 1.1921993091522705, 0.38216981394136434, -0.2457220399865542, 0.38832926164461823, -0.2805037604995321, -0.06497808176632996, -0.29724457507034246, 0.15035867250329643, 0.21260265273120885, 1.3487478797900503, 0.2884934154532797, 0.1936577070605638, -0.04251470658650954, -0.5491355669937682, -0.1512519412028725, 0.17815624270494088], [0.5584747032370805, 1.5040594004838181, -2.074365216859785, 1.6623473551627204, 1.6295156219723685, -6.145833166569651, 3.2483389091418533, -0.831737200739075, 1.419512543371711, -1.194504115340202, -1.3160836927371617, 0.4295885066829629, -0.5842472953788176, -2.782195265611007, 0.8027081721498626, -0.7933087957003931, -0.49228362287935407, -0.5156313229765871, 0.0018600871076794659, -3.659248658979405], [1.267163323198141, 0.12525582127634444, -0.11211467847828363, -0.24113228182723956, -1.2044497355566735, 0.13998835676804805, 0.19828987829148004, 0.17536927932295898, -0.2235536737064559, 0.14222575038582289, -0.10705036821168373, -0.36187158375147205, 0.07978455943130822, 0.24837637316931066, 0.25648828100475907, -0.7835889418813867, -0.654008274388674, -0.43108280561354717, -1.0191061953766314, -0.1938773073956115], [2.0339131992721877, 0.710620042396183, -0.6805840416613504, 0.9118015016362784, -0.6877550628277554, 0.938830300308951, -0.5608687447667701, 2.43271303111589, -0.037333628173675415, -0.049416215388338, 0.6733915755718293, 0.19202075585363285, -0.12880392475083297, 2.1995131411875875, 0.18563191482663977, 0.4934563877591734, -0.7991849506973794, -0.4131315323793449, -1.4962722326490574, 0.23367832487716594], [-0.15108670427171125, -1.4612333384500578, 